fecha,producto,categoria,unidades_vendidas,ingresos
2026-06-01,Bicicleta Montaña X200,Montaña,12,14400000
2026-06-01,Bicicleta Urbana City,Urbana,8,6400000
2026-06-15,Bicicleta Montaña X200,Montaña,15,18000000
2026-06-15,Bicicleta Ruta Speed,Ruta,5,7500000
2026-07-01,Bicicleta Montaña X200,Montaña,20,24000000
2026-07-01,Bicicleta Urbana City,Urbana,10,8000000
2026-07-15,Bicicleta Ruta Speed,Ruta,7,10500000
2026-08-01,Bicicleta Montaña X200,Montaña,18,21600000
2026-08-01,Bicicleta Urbana City,Urbana,14,11200000
